,WDID,Admin,Decree,Source
0,3600507,12950.0,1.0,SLATE CREEK
1,3600507,13301.0,1.37,SLATE CREEK
2,3600507,17806.0,1.0,SLATE CREEK
3,3600507,22964.21102,2.13,SLATE CREEK
4,3600507,30184.23162,5.5,SLATE CREEK
5,3600603,19239.0,3.5,BLUE RIVER
6,3600603,20228.0,1.25,BLUE RIVER
7,3600603,32075.20228,6.21,BLUE RIVER
8,3600603,32075.25707,6.02,BLUE RIVER
10,3600642,19909.0,6.35,BLUE RIVER
11,3600642,49673.494660000004,10.0,BLUE RIVER
12,3600642,49798.0,3.0,BLUE RIVER
13,3600642,52230.494660000004,10.0,BLUE RIVER
14,3600642,53325.49773,3.0,BLUE RIVER
15,3600645,17288.0,5.0,ELLIOTT CREEK
16,3600645,19919.0,2.5,ELLIOTT CREEK
17,3600645,20294.0,2.5,ELLIOTT CREEK
18,3600645,21975.20392,10.0,ELLIOTT CREEK
19,3600645,32075.23878,14.0,ELLIOTT CREEK
20,3600645,33846.0,3.38,ELLIOTT CREEK
21,3600649_D,11110.0,1.0,SLATE CREEK
22,3600649_D,11114.0,1.0,SLATE CREEK
23,3600649_D,11840.0,3.5,SLATE CREEK
24,3600649_D,14093.0,13.4,SLATE CREEK
25,3600649_D,17363.0,1.25,SLATE CREEK
26,3600649_D,19180.0,4.0,SLATE CREEK
27,3600649_D,20615.0,4.0,SLATE CREEK
28,3600649_D,20615.0,8.0,SLATE CREEK
29,3600649_D,23296.228880000002,8.0,SLATE CREEK
30,3600649_D,25715.242619999997,2.0,SLATE CREEK
31,3600649_D,32075.17167,9.6,SLATE CREEK
32,3600649_D,32075.2366,22.0,SLATE CREEK
33,3600649_D,32075.255660000003,4.0,SLATE CREEK
34,3600649_D,32075.30102,12.39,SLATE CREEK
35,3600649_D,49673.47786,3.0,SLATE CREEK
36,3600649_D,49673.47786,3.0,SLATE CREEK
37,3600658,23296.224309999998,3.4,WILLOW CREEK
38,3600658,36311.0,8.0,WILLOW CREEK
39,3600660,12936.0,6.0,BLUE RIVER
40,3600660,30184.18262,2.0,BLUE RIVER
41,3600660,30184.23526,17.1,BLUE RIVER
42,3600662_D,22964.22029,2.0,ELLIOTT CREEK
43,3600662_D,22964.22029,10.0,ELLIOTT CREEK
44,3600662_D,22964.22029,1.0,ELLIOTT CREEK
45,3600662_D,22964.22029,5.0,ELLIOTT CREEK
46,3600662_D,22964.22029,25.0,ELLIOTT CREEK
47,3600662_D,22964.22029,0.5,ELLIOTT CREEK
48,3600662_D,22964.22029,25.0,ELLIOTT CREEK
49,3600662_D,22964.22029,2.0,ELLIOTT CREEK
50,3600662_D,22964.22029,3.0,ELLIOTT CREEK
51,3600662_D,99999.99999,999.0,ELLIOTT CREEK
52,3600671,14397.0,1.5,BLUE RIVER
53,3600671,14884.0,0.65,BLUE RIVER
54,3600671,22965.22553,1.5,BLUE RIVER
55,3600671,32075.2578,2.0,BLUE RIVER
56,3600671,32075.311660000003,18.8,BLUE RIVER
57,3600671,35929.0,15.0,BLUE RIVER
58,3600687,9324.0,3.25,SLATE CREEK
59,3600687,32075.09324,13.4,SLATE CREEK
60,3600709,30184.29584,18.33,BLUE RIVER
61,3600709,32075.114439999998,3.0,BLUE RIVER
62,3600709,32075.18262,17.85,BLUE RIVER
63,3600709,45290.45144,36.62,BLUE RIVER
64,3600725,19523.0,1.0,BLACK CREEK
65,3600725,32075.19523,4.0,BLACK CREEK
66,3600725,32075.2283,6.6,BLACK CREEK
67,3600725,37421.0,2.2,BLACK CREEK
68,3600728,18515.0,3.0,BLACK CREEK
69,3600728,32075.1888,3.0,BLACK CREEK
70,3600728,32075.228369999997,3.0,BLACK CREEK
71,3600728,37407.0,6.53,BLACK CREEK
72,3600729,19510.0,3.0,BLACK CREEK
73,3600729,32075.1951,3.0,BLACK CREEK
74,3600729,32075.22844,7.6,BLACK CREEK
75,3600729,37416.0,3.4,BLACK CREEK
76,3600729,99999.99999,999.0,BLACK CREEK
77,3600734,32075.280319999998,18.67,BLUE RIVER
78,3600734,99999.99999,999.0,BLUE RIVER
79,3600765,17046.0,5.0,BLUE RIVER
80,3600765,32075.27539,9.87,BLUE RIVER
81,3600765,99999.99999,999.0,BLUE RIVER
82,3600775,14703.0,5.25,BLUE RIVER
83,3600775,53325.52868,10.75,BLUE RIVER
84,3600776_D,11443.0,8.0,BLUE RIVER
85,3600776_D,13650.0,4.0,BLUE RIVER
86,3600776_D,19570.0,1.25,BLUE RIVER
87,3600776_D,30254.0,3.0,BLUE RIVER
88,3600776_D,31697.0,1.0,BLUE RIVER
89,3600776_D,53325.52868,17.2,BLUE RIVER
90,3600776_D,53325.52868,10.0,BLUE RIVER
91,3600780,19601.0,2.2,BLUE RIVER
92,3600780,30184.301069999998,9.3,BLUE RIVER
93,3600780,35915.0,12.0,BLUE RIVER
94,3600780,99999.99999,999.0,BLUE RIVER
96,3600796,13259.0,3.25,BRUSH CREEK
97,3600796,32075.204530000003,13.79,BRUSH CREEK
98,3600801,15157.0,15.0,DEEP CREEK
99,3600801,18871.0,15.0,DEEP CREEK
100,3600801,99999.99999,999.0,DEEP CREEK
105,3600868_D,14397.0,5.07,CATARACT CREEK
106,3600868_D,14397.0,2.0,CATARACT CREEK
107,3600868_D,14929.0,4.0,CATARACT CREEK
108,3600868_D,16588.0,2.0,CATARACT CREEK
109,3600868_D,19413.0,3.0,CATARACT CREEK
110,3600868_D,20696.0,2.0,CATARACT CREEK
111,3600868_D,99999.99999,999.0,CATARACT CREEK
137,36_ADC017,10652.0,52.26,
138,36_ADC017,17774.0,13.33,
139,36_ADC017,20534.0,1.5,
140,36_ADC017,22439.0,50.06,
141,36_ADC017,31222.0,14.0,
142,36_ADC017,23824.0,94.86,
143,36_ADC017,42929.0,0.04,
144,36_ADC017,47389.0,0.33,
145,36_ADC018,13284.0,18.32,
146,36_ADC018,18089.0,35.21,
147,36_ADC018,20593.0,1.5,
148,36_ADC018,12174.0,2.5,
149,36_ADC018,25435.0,32.1,
150,36_ADC019,11640.0,7.2,
151,36_ADC019,18471.0,14.0,
152,36_ADC019,31563.0,3.51,
153,36_ADC019,20847.0,59.57,
154,36_ADC019,45210.0,2.0,
158,3700519,25277.204530000003,1.5,EAST LAKE CREEK
159,3700519,30894.209389999996,1.5,EAST LAKE CREEK
160,3700519,30894.275139999998,4.5,EAST LAKE CREEK
161,3700519,30894.30102,4.08,EAST LAKE CREEK
162,3700519,99999.99999,999.0,EAST LAKE CREEK
163,3700539,12188.0,1.8,GYPSUM CREEK
164,3700539,13392.0,0.4,GYPSUM CREEK
165,3700539,13589.0,0.95,GYPSUM CREEK
166,3700539,13591.0,0.85,GYPSUM CREEK
167,3700539,13591.0,2.8,GYPSUM CREEK
168,3700539,13593.0,3.2,GYPSUM CREEK
169,3700539,13918.0,1.0,GYPSUM CREEK
170,3700539,13985.0,2.2,GYPSUM CREEK
171,3700539,15646.0,0.8,GYPSUM CREEK
172,3700539,16251.14411,0.1,GYPSUM CREEK
173,3700539,17683.0,0.14,GYPSUM CREEK
174,3700539,23261.20827,0.4,GYPSUM CREEK
175,3700539,23802.2374,27.7,GYPSUM CREEK
176,3700545,16251.127730000002,0.8,BRUSH CREEK
177,3700545,30894.269060000002,12.42,BRUSH CREEK
178,3700548,16251.13302,0.8,EAGLE RIVER
179,3700548,16251.151259999999,0.17,EAGLE RIVER
180,3700548,20972.14185,8.0,EAGLE RIVER
181,3700548,30894.15115,0.6,EAGLE RIVER
182,3700548,30894.216889999996,5.25,EAGLE RIVER
183,3700548,30894.269060000002,1.0,EAGLE RIVER
184,3700548,99999.99999,999.0,EAGLE RIVER
185,3700560,16927.0,7.3,LAKE CREEK
186,3700560,30894.17657,13.16,LAKE CREEK
187,3700560,52595.51986,2.0,LAKE CREEK
188,3700560,54201.0,0.5,LAKE CREEK
189,3700561,11808.0,4.1,GYPSUM CREEK
190,3700561,13028.0,2.8,GYPSUM CREEK
191,3700561,13918.0,2.4,GYPSUM CREEK
192,3700561,15611.0,0.5,GYPSUM CREEK
193,3700561,15611.0,1.0,GYPSUM CREEK
194,3700561,23802.2374,10.3,GYPSUM CREEK
195,3700561,30894.27394,2.16,GYPSUM CREEK
196,3700571,13315.0,3.2,LAKE CREEK
197,3700571,15462.0,3.0,LAKE CREEK
198,3700571,19509.16192,3.9,LAKE CREEK
199,3700571,30894.18383,2.54,LAKE CREEK
200,3700571,30894.209769999998,0.25,LAKE CREEK
201,3700571,54021.0,0.25,LAKE CREEK
202,3700571,99999.99999,999.0,LAKE CREEK
203,3700642,16251.13057,5.52,EAGLE RIVER
204,3700642,16953.0,0.5,EAGLE RIVER
205,3700642,20972.161509999998,0.34,EAGLE RIVER
206,3700642,22702.2237,17.0,EAGLE RIVER
207,3700642,22736.0,2.0,EAGLE RIVER
208,3700642,30126.27646,4.46,EAGLE RIVER
209,3700642,30894.280110000003,20.42,EAGLE RIVER
210,3700655,11808.0,0.3,GYPSUM CREEK
211,3700655,13752.0,2.73,GYPSUM CREEK
212,3700655,14001.0,0.56,GYPSUM CREEK
213,3700655,14061.0,1.5,GYPSUM CREEK
214,3700655,14081.0,0.24,GYPSUM CREEK
215,3700655,14463.0,1.8,GYPSUM CREEK
216,3700655,23802.2374,11.06,GYPSUM CREEK
217,3700655,99999.99999,999.0,GYPSUM CREEK
218,3700658,17696.0,2.2,EAGLE RIVER
219,3700658,30894.180610000003,11.92,EAGLE RIVER
220,3700658,30894.209769999998,3.04,EAGLE RIVER
221,3700686,14457.0,2.2,BRUSH CREEK
222,3700686,16251.12085,2.6,BRUSH CREEK
223,3700686,17328.0,5.7,BRUSH CREEK
224,3700686,22489.0,0.2,BRUSH CREEK
225,3700686,30894.269060000002,9.7,BRUSH CREEK
226,3700694,12205.0,1.8,BRUSH CREEK
227,3700694,13918.0,1.8,BRUSH CREEK
228,3700694,14456.0,1.4,BRUSH CREEK
229,3700694,16902.0,0.6,BRUSH CREEK
230,3700694,30894.269060000002,13.74,BRUSH CREEK
235,3700723,12538.0,0.6,BRUSH CREEK
236,3700723,13605.0,0.04,BRUSH CREEK
237,3700723,16251.145080000002,0.6,BRUSH CREEK
238,3700723,17302.0,0.5,BRUSH CREEK
239,3700723,30387.235010000004,2.0,BRUSH CREEK
240,3700723,30894.269060000002,5.71,BRUSH CREEK
241,3700723,99999.99999,999.0,BRUSH CREEK
242,3700743,17696.0,0.88,EAGLE RIVER
243,3700743,21707.17326,8.0,EAGLE RIVER
244,3700743,30894.209769999998,9.88,EAGLE RIVER
245,3700743,52230.4361,8.0,EAGLE RIVER
246,3700743,52230.52217,3.0,EAGLE RIVER
247,3700743,99999.99999,999.0,EAGLE RIVER
248,3700823,11505.0,9.0,GYPSUM CREEK
249,3700823,11969.0,2.65,GYPSUM CREEK
250,3700823,12539.0,1.0,GYPSUM CREEK
251,3700823,12875.0,0.4,GYPSUM CREEK
252,3700823,13338.0,0.65,GYPSUM CREEK
253,3700823,13345.0,1.1,GYPSUM CREEK
254,3700823,14458.0,1.7,GYPSUM CREEK
255,3700823,20972.18418,3.55,GYPSUM CREEK
256,3700823,20972.18419,1.7,GYPSUM CREEK
257,3700823,20972.19181,2.0,GYPSUM CREEK
258,3700823,23802.2374,25.65,GYPSUM CREEK
259,3700823,55517.54056,5.0,GYPSUM CREEK
260,3700823,99999.99999,999.0,GYPSUM CREEK
261,3700830,16251.144059999999,6.64,EAGLE RIVER
262,3700830,30894.26093,10.91,EAGLE RIVER
263,3700830,37040.0,6.2,EAGLE RIVER
264,3700830,99999.99999,999.0,EAGLE RIVER
265,3700843,16251.112509999999,3.2,BRUSH CREEK
266,3700843,18627.0,2.0,BRUSH CREEK
267,3700843,30894.269060000002,7.05,BRUSH CREEK
268,3700848,12894.0,3.7,EAGLE RIVER
269,3700848,14527.0,2.4,EAGLE RIVER
270,3700848,14527.0,1.6,EAGLE RIVER
271,3700848,20972.18901,0.94,EAGLE RIVER
272,3700848,30894.265710000003,11.83,EAGLE RIVER
273,3700848,38753.37375,15.0,EAGLE RIVER
274,3700848,99999.99999,999.0,EAGLE RIVER
275,3700857,16251.118080000002,4.8,BRUSH CREEK
276,3700857,18017.0,1.0,BRUSH CREEK
277,3700857,30894.269060000002,14.91,BRUSH CREEK
288,37_ADC029,13593.0,14.0,
289,37_ADC029,15293.0,6.4,
290,37_ADC029,19108.0,18.2,
291,37_ADC029,23766.0,76.23,
292,37_ADC029,35221.0,2.43,
293,37_ADC029,49439.0,3.52,
294,37_ADC030,13451.0,14.7,
295,37_ADC030,15098.0,20.8,
296,37_ADC030,21103.0,9.4,
297,37_ADC030,24815.0,59.02,
298,37_ADC030,24127.0,3.02,
299,37_ADC030,37761.0,1.9,
300,37_ADC030,26388.0,4.0,
301,37_ADC031,12986.0,11.55,
302,37_ADC031,14129.0,5.88,
303,37_ADC031,18604.0,6.52,
304,37_ADC031,22008.0,38.84,
305,37_ADC031,38383.0,1.78,
306,37_ADC031,43372.0,1.0,
307,3800516,11832.0,4.0,FOURMILE CREEK
308,3800516,12873.0,3.0,FOURMILE CREEK
309,3800516,13274.0,0.7,FOURMILE CREEK
310,3800516,30941.253360000002,5.5,FOURMILE CREEK
311,3800516,47116.46658,2.0,FOURMILE CREEK
312,3800516,49308.4866,2.0,FOURMILE CREEK
313,3800528,11981.0,5.0,ROARING FORK RIVER
314,3800528,12870.0,5.0,ROARING FORK RIVER
315,3800528,13233.0,1.8,ROARING FORK RIVER
316,3800528,30941.1467,33.2,ROARING FORK RIVER
317,3800545,11448.0,2.5,CAPITOL CREEK
318,3800545,12153.0,2.6,CAPITOL CREEK
319,3800545,19720.13635,1.0,CAPITOL CREEK
320,3800545,30941.257230000003,10.0,CAPITOL CREEK
321,3800545,52595.525539999995,1.0,CAPITOL CREEK
322,3800547,12518.0,2.8,CRYSTAL RIVER
323,3800547,25494.1368,3.2,CRYSTAL RIVER
324,3800547,30941.147760000003,14.0,CRYSTAL RIVER
325,3800547,53279.0,3.8,CRYSTAL RIVER
326,3800547,99999.99999,999.0,CRYSTAL RIVER
327,3800569,12961.0,6.0,CATTLE CREEK
328,3800569,20109.192369999997,8.0,CATTLE CREEK
329,3800572,19306.17804,4.0,CAPITOL CREEK
330,3800572,20109.18771,4.0,CAPITOL CREEK
331,3800572,24546.18771,4.18,CAPITOL CREEK
332,3800572,30941.257230000003,6.0,CAPITOL CREEK
333,3800572,34485.0,4.0,CAPITOL CREEK
334,3800573,11880.0,2.5,CAPITOL CREEK
335,3800573,12173.0,2.5,CAPITOL CREEK
336,3800573,37552.24988,6.0,CAPITOL CREEK
337,3800573,99999.99999,999.0,CAPITOL CREEK
338,3800574,13605.0,5.0,CRYSTAL RIVER
339,3800574,30941.25658,36.24,CRYSTAL RIVER
340,3800606,11809.0,1.7,COLLINS CREEK
341,3800606,12599.0,1.3,COLLINS CREEK
342,3800606,13284.0,0.3,COLLINS CREEK
343,3800606,30941.242580000002,13.34,COLLINS CREEK
344,3800618,21644.12875,5.58,ROARING FORK RIVER
345,3800618,30941.14701,5.6,ROARING FORK RIVER
346,3800618,99999.99999,999.0,ROARING FORK RIVER
347,3800639,19475.141880000003,4.0,CAPITOL CREEK
348,3800639,23853.15862,7.2,CAPITOL CREEK
349,3800639,24577.19524,3.96,CAPITOL CREEK
350,3800639,30941.257230000003,1.71,CAPITOL CREEK
351,3800651,19313.162930000002,31.8,CRYSTAL RIVER
352,3800651,36396.337230000005,10.0,CRYSTAL RIVER
353,3800659,29274.20209,8.33,ROARING FORK RIVER
354,3800659,30941.20575,6.66,ROARING FORK RIVER
355,3800660,23187.20939,19.29,SNOWMASS CREEK
356,3800663,19313.129569999997,9.1,CRYSTAL RIVER
357,3800663,30941.27931,3.45,CRYSTAL RIVER
358,3800663,36396.36277,2.0,CRYSTAL RIVER
359,3800663,44557.0,0.25,CRYSTAL RIVER
360,3800663,52595.52536,0.3,CRYSTAL RIVER
361,3800663,99999.99999,999.0,CRYSTAL RIVER
362,3800667,24059.21458,9.5,CATTLE CREEK
363,3800667,99999.99999,999.0,CATTLE CREEK
364,3800688,11633.0,1.6,FOURMILE CREEK
365,3800688,23329.19698,1.6,FOURMILE CREEK
366,3800688,30941.253360000002,4.0,FOURMILE CREEK
367,3800688,36396.25719,5.44,FOURMILE CREEK
368,3800688,99999.99999,999.0,FOURMILE CREEK
369,3800712,21522.185840000002,28.65,ROARING FORK RIVER
370,3800712,30941.189489999997,17.24,ROARING FORK RIVER
371,3800712,99999.99999,999.0,ROARING FORK RIVER
372,3800715,13262.0,8.5,ROARING FORK RIVER
373,3800715,30941.147230000002,12.24,ROARING FORK RIVER
374,3800715,53306.0,3.0,ROARING FORK RIVER
375,3800715,99999.99999,999.0,ROARING FORK RIVER
376,3800720,18977.118319999998,17.44,CAPITOL CREEK
377,3800720,99999.99999,999.0,CAPITOL CREEK
378,3800740,12359.0,8.73,ROARING FORK RIVER
379,3800740,30941.14916,14.82,ROARING FORK RIVER
380,3800740,99999.99999,999.0,ROARING FORK RIVER
381,3800749,31648.148839999998,9.3,MAROON CREEK
382,3800749,37552.37102,51.56,MAROON CREEK
383,3800749,51125.0,4.0,MAROON CREEK
384,3800755,36763.0,30.0,CASTLE CREEK
385,3800757,13661.0,20.0,ROARING FORK RIVER
386,3800757,29484.20209,20.0,ROARING FORK RIVER
387,3800757,30941.185060000003,0.87,ROARING FORK RIVER
388,3800757,30941.20923,16.5,ROARING FORK RIVER
389,3800757,36396.3602,1.63,ROARING FORK RIVER
390,3800757,99999.99999,999.0,ROARING FORK RIVER
391,3800798,12889.0,0.67,ROARING FORK RIVER
392,3800798,30941.14715,1.9,ROARING FORK RIVER
393,3800798,32907.31655,0.47,ROARING FORK RIVER
394,3800798,38137.0,5.0,ROARING FORK RIVER
395,3800798,51864.42155,3.0,ROARING FORK RIVER
396,3800798,51864.479680000004,3.0,ROARING FORK RIVER
397,3800798,51867.0,5.0,ROARING FORK RIVER
398,3800798,53873.0,8.0,ROARING FORK RIVER
399,3800798,56614.0,0.1,ROARING FORK RIVER
400,3800800,16765.12875,6.3,ROARING FORK RIVER
401,3800800,30427.19453,1.01,ROARING FORK RIVER
402,3800800,30941.19818,9.57,ROARING FORK RIVER
403,3800800,53306.0,5.6,ROARING FORK RIVER
404,3800822,13284.0,2.4,FOURMILE CREEK
405,3800822,13666.0,0.6,FOURMILE CREEK
406,3800822,30941.253360000002,5.2,FOURMILE CREEK
407,3800822,37552.37477,3.8,FOURMILE CREEK
408,3800822,42467.0,3.0,FOURMILE CREEK
409,3800838,11793.0,1.5,ROARING FORK RIVER
410,3800838,39617.11793,11.9,ROARING FORK RIVER
411,3800838,99999.99999,999.0,ROARING FORK RIVER
412,3800840,19313.14878,19.0,CRYSTAL RIVER
413,3800840,30941.26945,21.5,CRYSTAL RIVER
414,3800840,99999.99999,999.0,CRYSTAL RIVER
418,3800861,19164.13351,1.9,CAPITOL CREEK
419,3800861,19164.14199,3.0,CAPITOL CREEK
420,3800861,30604.22435,2.7,CAPITOL CREEK
421,3800861,30941.257230000003,5.1,CAPITOL CREEK
424,3800879,12996.0,5.0,CATTLE CREEK
425,3800879,13037.0,5.0,CATTLE CREEK
426,3800880_D,11414.0,2.6,WEST SOPRIS CREEK
427,3800880_D,12174.0,2.2,WEST SOPRIS CREEK
428,3800880_D,12980.0,5.0,WEST SOPRIS CREEK
429,3800880_D,13788.0,1.5,WEST SOPRIS CREEK
430,3800880_D,20539.19509,2.0,WEST SOPRIS CREEK
431,3800880_D,37552.37524,32.5,WEST SOPRIS CREEK
432,3800881,20242.191430000003,13.0,CATTLE CREEK
433,3800881,25086.22641,40.0,CATTLE CREEK
434,3800881,99999.99999,999.0,CATTLE CREEK
435,3800890,30941.207010000002,22.89,SNOWMASS CREEK
436,3800890,99999.99999,999.0,SNOWMASS CREEK
437,3800893,13718.0,1.5,FOURMILE CREEK
438,3800893,21322.20234,6.5,FOURMILE CREEK
439,3800893,30941.253360000002,4.5,FOURMILE CREEK
440,3800893,50769.46872,8.0,FOURMILE CREEK
441,3800893,56978.43596,4.5,FOURMILE CREEK
442,3800893,56978.461260000004,5.0,FOURMILE CREEK
443,3800893,99999.99999,999.0,FOURMILE CREEK
444,3800902,12611.0,3.0,CATTLE CREEK
445,3800902,13395.0,11.0,CATTLE CREEK
446,3800902,15862.0,2.9,CATTLE CREEK
447,3800902,46751.42641,10.3,CATTLE CREEK
448,3800920,25494.11793,0.8,ROARING FORK RIVER
449,3800920,30941.23845,11.2,ROARING FORK RIVER
450,3800924,14045.0,3.0,WOODY CREEK
451,3800924,28989.24273,3.5,WOODY CREEK
452,3800924,28989.28275,0.5,WOODY CREEK
453,3800924,30941.28641,18.0,WOODY CREEK
454,3800925,23107.199780000003,10.8,CATTLE CREEK
455,3800925,24180.22827,6.1,CATTLE CREEK
456,3800925,99999.99999,999.0,CATTLE CREEK
457,3800930,42491.0,63.0,ROARING FORK RIVER
458,3800930,99999.99999,999.0,ROARING FORK RIVER
459,3800939,11444.0,5.6,THOMPSON CREEK
460,3800939,11828.0,4.7,THOMPSON CREEK
461,3800939,30941.1851,2.21,THOMPSON CREEK
462,3800939,99999.99999,999.0,THOMPSON CREEK
463,3800959,19164.18925,2.0,SNOWMASS CREEK
464,3800959,19164.19084,0.1,SNOWMASS CREEK
465,3800959,30886.173489999997,4.0,SNOWMASS CREEK
466,3800959,30941.19879,7.3,SNOWMASS CREEK
467,3800959,99999.99999,999.0,SNOWMASS CREEK
468,3800966,12095.0,4.0,ROARING FORK RIVER
469,3800966,12875.0,3.5,ROARING FORK RIVER
470,3800966,21522.185840000002,1.28,ROARING FORK RIVER
471,3800966,30941.189489999997,0.72,ROARING FORK RIVER
472,3800966,36616.0,9.0,ROARING FORK RIVER
473,3800966,52230.51963,1.65,ROARING FORK RIVER
474,3800966,53973.0,2.6,ROARING FORK RIVER
475,3800968,11854.0,5.0,ROARING FORK RIVER
476,3800968,13254.0,2.5,ROARING FORK RIVER
477,3800968,13468.0,2.0,ROARING FORK RIVER
478,3800968,19719.180119999997,10.7,ROARING FORK RIVER
479,3800968,30941.18377,20.06,ROARING FORK RIVER
480,3800968,30941.185060000003,0.87,ROARING FORK RIVER
481,3800968,36396.3602,3.0,ROARING FORK RIVER
482,3800968,51499.51416,0.2,ROARING FORK RIVER
483,3800968,51619.0,5.0,ROARING FORK RIVER
484,3800968,99999.99999,999.0,ROARING FORK RIVER
485,3800970,12064.0,10.0,CRYSTAL RIVER
486,3800970,30941.23895,25.0,CRYSTAL RIVER
487,3800970,37096.0,0.2,CRYSTAL RIVER
488,3800970,99999.99999,999.0,CRYSTAL RIVER
489,3800981,20041.19206,58.0,ROARING FORK RIVER
490,3800981,51129.0,1.0,ROARING FORK RIVER
491,3800981,99999.99999,999.0,ROARING FORK RIVER
492,3800989,11840.0,1.0,SOPRIS CREEK
493,3800989,12232.0,1.4,SOPRIS CREEK
494,3800989,13911.0,0.3,SOPRIS CREEK
495,3800989,24928.19868,1.8,SOPRIS CREEK
496,3800989,24928.24601,0.2,SOPRIS CREEK
497,3800989,30941.264180000002,7.36,SOPRIS CREEK
498,3800989,36396.355189999995,1.35,SOPRIS CREEK
499,3800989,53691.51286,0.05,SOPRIS CREEK
500,3800994,12234.0,2.5,WEST SOPRIS CREEK
501,3800994,13376.0,2.3,WEST SOPRIS CREEK
502,3800994,36396.293710000005,7.86,WEST SOPRIS CREEK
503,3800996,30618.1257,6.58,ROARING FORK RIVER
504,3800996,30941.147610000004,42.68,ROARING FORK RIVER
505,3801012,19832.14421,6.2,SNOWMASS CREEK
506,3801012,30941.175919999998,20.0,SNOWMASS CREEK
507,3801012,30941.23257,1.0,SNOWMASS CREEK
508,3801012,42285.0,6.2,SNOWMASS CREEK
509,3801018,12866.0,1.5,CRYSTAL RIVER
510,3801018,12894.0,1.96,CRYSTAL RIVER
511,3801018,13608.0,1.2,CRYSTAL RIVER
512,3801018,15379.14336,1.0,CRYSTAL RIVER
513,3801018,30941.14715,3.7,CRYSTAL RIVER
514,3801018,30941.23895,3.04,CRYSTAL RIVER
515,3801018,54380.0,5.68,CRYSTAL RIVER
516,3801018,99999.99999,999.0,CRYSTAL RIVER
517,3801038,20239.19006,50.0,CRYSTAL RIVER
518,3801038,30941.26945,14.08,CRYSTAL RIVER
519,3801038,34119.0,10.92,CRYSTAL RIVER
520,3801038,99999.99999,999.0,CRYSTAL RIVER
523,3801062,29867.125289999996,9.94,ROARING FORK RIVER
524,3801062,30941.1472,21.56,ROARING FORK RIVER
525,3801066,11936.0,1.4,RED CANYON
526,3801073,11127.0,4.0,WOODY CREEK
527,3801073,12480.0,5.75,WOODY CREEK
528,3801073,30941.242580000002,13.19,WOODY CREEK
529,3801073,32907.31655,15.26,WOODY CREEK
530,3801073,99999.99999,999.0,WOODY CREEK
531,3801078,12950.0,5.0,SNOWMASS CREEK
532,3801078,30941.1331,1.0,SNOWMASS CREEK
533,3801078,30941.198439999996,5.46,SNOWMASS CREEK
534,3801078,30941.198839999997,2.44,SNOWMASS CREEK
535,3801078,30941.2024,2.34,SNOWMASS CREEK
536,3801078,30941.210639999998,15.68,SNOWMASS CREEK
537,3801078,36734.0,40.0,SNOWMASS CREEK
538,3801082,12894.0,2.84,CRYSTAL RIVER
539,3801082,27066.26783,1.52,CRYSTAL RIVER
540,3801082,30941.27149,8.0,CRYSTAL RIVER
541,3801096_D,19145.11116,6.0,CAPITOL CREEK
542,3801096_D,19145.11505,15.0,CAPITOL CREEK
543,3801096_D,49338.0,2.5,CAPITOL CREEK
544,3801101,12966.0,3.0,WILLOW CREEK
545,3801101,13635.0,3.0,WILLOW CREEK
546,3801101,15514.1508,30.0,WILLOW CREEK
547,3801101,51125.0,4.0,WILLOW CREEK
548,3801101,99999.99999,999.0,WILLOW CREEK
549,3801104,13350.0,13.0,WILLOW CREEK
550,3801121,19874.17302,3.86,SNOWMASS CREEK
551,3801121,99999.99999,999.0,SNOWMASS CREEK
552,3801132,12183.0,2.94,WOODY CREEK
553,3801132,12543.0,2.53,WOODY CREEK
554,3801132,30941.242580000002,10.8,WOODY CREEK
555,3801132,99999.99999,999.0,WOODY CREEK
556,3801147,13090.0,3.68,CRYSTAL RIVER
557,3801147,13434.0,3.19,CRYSTAL RIVER
558,3801147,22123.19097,1.77,CRYSTAL RIVER
559,3801147,36396.35885,12.8,CRYSTAL RIVER
560,3801147,54380.0,5.68,CRYSTAL RIVER
561,3801147,99999.99999,999.0,CRYSTAL RIVER
566,3801481,21497.18744,25.4,MESA CREEK
567,3801481,49346.0,1.0,MESA CREEK
569,3801661,45655.388660000004,15.0,WOODY CREEK
570,3801790,12554.0,1.04,HUNTER CREEK
571,3801790,14211.0,13.0,HUNTER CREEK
572,3801790,25618.216419999997,5.59,HUNTER CREEK
573,3801790,30941.23986,4.31,HUNTER CREEK
574,3801790,51296.0,1.2,HUNTER CREEK
575,3801790,56247.554970000005,1.2,HUNTER CREEK
576,3801790,56536.0,1.0,HUNTER CREEK
593,38_ADC033,12453.0,24.82,
594,38_ADC033,20235.0,9.94,
595,38_ADC033,19719.0,20.87,
596,38_ADC033,31994.0,10.39,
597,38_ADC033,50823.0,2.0,
598,38_ADC034,12877.0,7.4,
599,38_ADC034,14516.0,24.14,
600,38_ADC034,18446.0,15.53,
601,38_ADC034,22656.0,21.22,
602,38_ADC034,27918.0,18.49,
603,38_ADC034,39260.0,5.7,
604,38_ADC034,44748.0,0.3,
605,38_ADC034,36333.0,4.5,
606,38_ADC035,14731.0,2.0,
607,38_ADC035,14458.0,1.8,
608,38_ADC035,13644.0,0.6,
609,38_ADC035,18454.0,11.71,
610,38_ADC035,28220.0,21.04,
611,38_ADC035,99999.99999,999.0,
612,38_ADC036,12869.0,18.0,
613,38_ADC036,22985.0,3.95,
614,38_ADC036,25847.0,13.73,
615,38_ADC036,29318.0,15.07,
616,38_ADC036,44560.0,7.5,
617,38_ADC036,99999.99999,999.0,
618,38_ADC037,12321.0,12.2,
619,38_ADC037,17606.0,1.0,
620,38_ADC037,16534.0,5.1,
621,38_ADC037,17667.0,9.19,
622,38_ADC037,17925.0,30.37,
623,38_ADC037,32066.0,10.5,
624,38_ADC037,33084.0,1.8,
625,38_ADC038,12873.0,9.8,
626,38_ADC038,15727.0,8.43,
627,38_ADC038,16853.0,1.7,
628,38_ADC038,23983.0,6.77,
629,38_ADC038,34813.0,14.37,
630,38_ADC038,48918.0,4.05,
631,38_ADC039,13187.0,19.63,
632,38_ADC039,13519.0,2.8,
633,38_ADC039,14715.0,0.56,
634,38_ADC039,35504.0,0.35,
635,38_ADC039,45046.0,4.0,
636,38_ADC039,44300.0,19.1,
637,38_ADC040,13013.0,6.6,
638,38_ADC040,13240.0,0.5,
639,38_ADC040,20641.0,1.7,
640,38_ADC040,25336.0,5.1,
641,38_ADC040,36493.0,2.0,
642,38_ADC040,29340.0,0.6,
643,3900532,15804.1531,7.0,COLORADO RIVER
644,3900532,27004.1531,2.0,COLORADO RIVER
645,3900532,39686.0,6.8,COLORADO RIVER
646,3900532,40016.0,2.0,COLORADO RIVER
647,3900532,99999.99999,999.0,COLORADO RIVER
648,3900537,12190.0,2.42,PARACHUTE CREEK
649,3900537,12474.0,2.96,PARACHUTE CREEK
650,3900537,13181.0,2.5,PARACHUTE CREEK
651,3900537,13639.0,0.8,PARACHUTE CREEK
652,3900537,14092.0,5.0,PARACHUTE CREEK
653,3900537,15120.0,2.0,PARACHUTE CREEK
654,3900537,99999.99999,999.0,PARACHUTE CREEK
655,3900539,12205.0,2.8,EAST ELK CREEK
656,3900539,12578.0,1.7,EAST ELK CREEK
657,3900539,16027.148809999999,2.4,EAST ELK CREEK
658,3900539,32959.25995,9.9,EAST ELK CREEK
659,3900540,16241.158130000002,15.0,EAST ELK CREEK
660,3900540,99999.99999,999.0,EAST ELK CREEK
661,3900546_D,17698.143659999998,2.0,PARACHUTE CREEK
662,3900546_D,25648.21854,0.12,PARACHUTE CREEK
663,3900546_D,31031.140010000003,1.33,PARACHUTE CREEK
664,3900546_D,31031.27818,5.69,PARACHUTE CREEK
665,3900546_D,31031.27818,3.09,PARACHUTE CREEK
666,3900546_D,50302.0,4.8,PARACHUTE CREEK
667,3900547,22605.21631,8.66,RIFLE CREEK
668,3900547,37503.36355,9.34,RIFLE CREEK
669,3900548,20527.17486,4.0,CANYON CREEK
670,3900548,31780.2275,11.2,CANYON CREEK
671,3900548,38167.0,19.8,CANYON CREEK
672,3900562,17699.14336,0.4,PARACHUTE CREEK
673,3900562,17699.165409999998,3.6,PARACHUTE CREEK
674,3900562,21523.18388,1.0,PARACHUTE CREEK
675,3900562,21523.18936,1.6,PARACHUTE CREEK
676,3900562,31031.27818,6.09,PARACHUTE CREEK
677,3900562,99999.99999,999.0,PARACHUTE CREEK
681,3900563_I,37503.15068,0.0,EAST RIFLE CREEK
682,3900574,11823.0,1.2,RIFLE CREEK
683,3900574,12522.0,1.4,RIFLE CREEK
684,3900574,12889.0,0.0,RIFLE CREEK
685,3900574,12889.0,4.0,RIFLE CREEK
686,3900574,13285.0,0.21,RIFLE CREEK
687,3900574,13468.0,0.6,RIFLE CREEK
688,3900574,13484.0,11.8,RIFLE CREEK
689,3900574,13605.0,4.0,RIFLE CREEK
690,3900574,13915.0,2.5,RIFLE CREEK
691,3900574,21661.20003,0.8,RIFLE CREEK
692,3900574,58439.47056,2.0,RIFLE CREEK
693,3900585,12889.0,1.0,EAST RIFLE CREEK
694,3900585,13286.0,1.4,EAST RIFLE CREEK
695,3900585,13381.0,1.2,EAST RIFLE CREEK
696,3900585,13649.0,0.4,EAST RIFLE CREEK
697,3900585,14010.0,0.65,EAST RIFLE CREEK
698,3900585,15458.1401,2.05,EAST RIFLE CREEK
699,3900590,15799.152909999999,2.4,PARACHUTE CREEK
700,3900590,31031.27818,10.57,PARACHUTE CREEK
701,3900590,99999.99999,999.0,PARACHUTE CREEK
702,3900610,13518.0,5.0,PARACHUTE CREEK
703,3900610,13971.0,9.0,PARACHUTE CREEK
704,3900610,17699.1436,1.6,PARACHUTE CREEK
705,3900610,31031.27818,12.34,PARACHUTE CREEK
706,3900610,99999.99999,999.0,PARACHUTE CREEK
707,3900612,13596.0,3.03,COLORADO RIVER
708,3900612,14147.0,50.0,COLORADO RIVER
709,3900612,99999.99999,999.0,COLORADO RIVER
710,3900635,13181.0,1.0,PARACHUTE CREEK
711,3900635,13971.0,3.6,PARACHUTE CREEK
712,3900635,15436.14725,1.3,PARACHUTE CREEK
713,3900635,15436.152880000001,1.6,PARACHUTE CREEK
714,3900635,31031.27818,19.72,PARACHUTE CREEK
715,3900635,99999.99999,999.0,PARACHUTE CREEK
716,3900638,19306.17802,25.6,EAST ELK CREEK
717,3900638,32959.25995,2.2,EAST ELK CREEK
718,3900638,51134.50948,0.3,EAST ELK CREEK
719,3900638,99999.99999,999.0,EAST ELK CREEK
720,3900645,11823.0,0.8,RIFLE CREEK
721,3900645,12122.0,3.8,RIFLE CREEK
722,3900645,12362.0,1.6,RIFLE CREEK
723,3900645,12522.0,0.6,RIFLE CREEK
724,3900645,13195.0,3.0,RIFLE CREEK
725,3900645,13285.0,0.3,RIFLE CREEK
726,3900645,13468.0,14.88,RIFLE CREEK
727,3900645,13484.0,0.1,RIFLE CREEK
728,3900645,15667.137709999999,1.3,RIFLE CREEK
729,3900645,15799.15019,1.5,RIFLE CREEK
730,3900645,16241.147280000001,0.6,RIFLE CREEK
731,3900645,18613.150709999998,2.0,RIFLE CREEK
732,3900645,31785.19549,10.0,RIFLE CREEK
733,3900645,34515.0,0.5,RIFLE CREEK
734,3900645,99999.99999,999.0,RIFLE CREEK
736,3900672,12122.0,0.8,MAIN ELK CREEK
737,3900672,22621.18576,2.76,MAIN ELK CREEK
738,3900672,22974.21982,1.4,MAIN ELK CREEK
739,3900672,23051.21982,4.16,MAIN ELK CREEK
740,3900672,32959.25995,11.88,MAIN ELK CREEK
741,3900672,99999.99999,999.0,MAIN ELK CREEK
742,3900687,12327.0,5.0,ELK CREEK
743,3900687,13209.0,10.25,ELK CREEK
744,3900687,14001.0,5.47,ELK CREEK
745,3900687,17480.1691,1.6,ELK CREEK
746,3900687,17486.16864,0.2,ELK CREEK
747,3900687,18613.17813,3.58,ELK CREEK
748,3900687,32959.25995,21.19,ELK CREEK
749,3900687,99999.99999,999.0,ELK CREEK
750,3900701,18748.0,3.7,EAST ELK CREEK
751,3900701,23385.19457,0.3,EAST ELK CREEK
752,3900701,32959.25995,6.2,EAST ELK CREEK
756,3900825,13223.0,3.0,CANYON CREEK
757,3900825,20527.18592,1.7,CANYON CREEK
758,3900825,21814.136440000002,1.0,CANYON CREEK
759,3900825,21814.1655,0.6,CANYON CREEK
760,3900825,21814.21659,1.9,CANYON CREEK
761,3900825,25569.13954,1.5,CANYON CREEK
762,3900825,31780.22035,5.0,CANYON CREEK
763,3900825,31780.2275,7.0,CANYON CREEK
764,3900825,33978.3388,5.5,CANYON CREEK
765,3900825,35551.0,2.52,CANYON CREEK
766,3900825,99999.99999,999.0,CANYON CREEK
769,3900990,12122.0,0.2,RIFLE CREEK
770,3900990,12889.0,0.89,RIFLE CREEK
771,3900990,13195.0,1.0,RIFLE CREEK
772,3900990,13468.0,0.52,RIFLE CREEK
773,3900990,13484.0,0.1,RIFLE CREEK
774,3900990,13629.0,1.95,RIFLE CREEK
775,3900990,13713.0,2.0,RIFLE CREEK
776,3903505_I,39041.00007,0.0,HARVEY GAP
777,39_ADC041,13119.0,20.1,
778,39_ADC041,15430.0,14.6,
779,39_ADC041,14408.0,5.07,
780,39_ADC041,25419.0,2.95,
781,39_ADC041,26006.0,54.7,
782,39_ADC041,40308.0,0.5,
783,39_ADC041,29857.0,2.5,
784,39_ADC041,17364.0,1.11,
785,39_ADC045,13124.0,33.6,
786,39_ADC045,14570.0,12.0,
787,39_ADC045,16685.0,3.06,
788,39_ADC045,15130.0,1.3,
789,39_ADC045,30260.0,5.3,
790,39_ADC045,22279.0,5.2,
795,4200541_I,22283.202999999998,60.0,COLORADO RIVER
796,4200541_I,34419.33414,80.0,COLORADO RIVER
797,4200541_I,99999.99999,999.0,COLORADO RIVER
798,4500514,12582.0,1.67,BATTLEMENT CREEK
799,4500514,12936.0,6.67,BATTLEMENT CREEK
800,4500514,13673.0,3.0,BATTLEMENT CREEK
801,4500514,13716.0,3.33,BATTLEMENT CREEK
802,4500514,15307.15116,2.0,BATTLEMENT CREEK
803,4500514,19811.125819999997,1.17,BATTLEMENT CREEK
804,4500514,57708.538329999996,3.06,BATTLEMENT CREEK
805,4500572,12178.0,1.2,BALDY CREEK
806,4500572,12585.0,1.8,BALDY CREEK
807,4500572,33097.32262,3.27,BALDY CREEK
808,4500572,33099.32262,3.28,BALDY CREEK
809,4500572,48365.0,2.8,BALDY CREEK
810,4500576_D,19805.183869999997,150.0,WEST DIVIDE CREEK
811,4500576_D,22020.2024,0.9,WEST DIVIDE CREEK
812,4500576_D,30170.18752,5.0,WEST DIVIDE CREEK
813,4500584,11909.0,4.0,EAST DIVIDE CREEK
814,4500584,12919.0,6.0,EAST DIVIDE CREEK
815,4500584,30170.119089999997,0.83,EAST DIVIDE CREEK
816,4500584,30170.130110000002,0.83,EAST DIVIDE CREEK
817,4500584,30170.22736,2.5,EAST DIVIDE CREEK
818,4500584,30170.22738,11.08,EAST DIVIDE CREEK
819,4500616,12743.0,2.0,CACHE CREEK
820,4500616,13454.0,2.33,CACHE CREEK
821,4500616,13583.0,3.54,CACHE CREEK
822,4500616,18578.159819999997,0.5,CACHE CREEK
823,4500616,19544.12743,0.83,CACHE CREEK
824,4500616,21523.18779,2.14,CACHE CREEK
825,4500616,23475.20544,0.22,CACHE CREEK
826,4500616,24551.21731,0.33,CACHE CREEK
827,4500616,99999.99999,999.0,CACHE CREEK
828,4500632_D,12998.0,1.67,CACHE CREEK
829,4500632_D,13284.0,5.27,CACHE CREEK
830,4500632_D,13327.0,3.97,CACHE CREEK
831,4500632_D,19544.12998,0.83,CACHE CREEK
832,4500632_D,19812.16156,2.0,CACHE CREEK
833,4500632_D,21366.191130000003,2.67,CACHE CREEK
834,4500632_D,24241.23579,1.25,CACHE CREEK
835,4500635,13103.0,3.0,GARFIELD CREEK
836,4500635,13605.0,1.67,GARFIELD CREEK
837,4500635,33099.32262,11.47,GARFIELD CREEK
838,4500638,12844.0,1.67,BATTLEMENT CREEK
839,4500638,13583.0,4.5,BATTLEMENT CREEK
840,4500638,13907.0,5.0,BATTLEMENT CREEK
841,4500638,17367.1409,1.0,BATTLEMENT CREEK
842,4500638,19673.12844,0.83,BATTLEMENT CREEK
843,4500638,51134.12844,0.03,BATTLEMENT CREEK
844,4500648,24052.13641,0.4,BALDY CREEK
845,4500648,33099.32262,8.34,BALDY CREEK
846,4500648,54786.48723,2.61,BALDY CREEK
847,4500668,13596.0,47.82,COLORADO RIVER
848,4500668,52230.48303,7.0,COLORADO RIVER
849,4500668,99999.99999,999.0,COLORADO RIVER
850,4500675,13234.0,0.67,DIVIDE CREEK
851,4500675,13623.0,0.83,DIVIDE CREEK
852,4500675,19807.17105,2.28,DIVIDE CREEK
853,4500675,19833.17105,1.6,DIVIDE CREEK
854,4500675,30170.132339999996,0.83,DIVIDE CREEK
855,4500675,30170.22738,3.78,DIVIDE CREEK
856,4500685,12488.0,1.67,MIDDLE MAMM CREEK
857,4500685,13270.0,3.33,MIDDLE MAMM CREEK
858,4500685,13612.0,6.17,MIDDLE MAMM CREEK
859,4500685,99999.99999,999.0,MIDDLE MAMM CREEK
860,4500693_D,11833.0,0.25,DIVIDE CREEK
861,4500693_D,11950.0,0.17,DIVIDE CREEK
862,4500693_D,12174.0,1.58,DIVIDE CREEK
863,4500693_D,12512.0,1.0,DIVIDE CREEK
864,4500693_D,13926.0,0.53,DIVIDE CREEK
865,4500693_D,19047.15811,10.0,DIVIDE CREEK
866,4500693_D,21052.187840000002,0.8,DIVIDE CREEK
867,4500693_D,27154.25292,0.48,DIVIDE CREEK
868,4500693_D,34825.30071,1.88,DIVIDE CREEK
869,4500693_D,37681.28277,5.38,DIVIDE CREEK
870,4500693_D,37681.34454,5.0,DIVIDE CREEK
871,4500693_D,41799.0,5.0,DIVIDE CREEK
872,4500704,25758.20697,49.0,WEST DIVIDE CREEK
873,4500704,53325.224819999996,0.75,WEST DIVIDE CREEK
874,4500704,99999.99999,999.0,WEST DIVIDE CREEK
875,4500705,11484.0,2.83,BALDY CREEK
876,4500705,12175.0,1.5,BALDY CREEK
877,4500705,12534.0,4.0,BALDY CREEK
878,4500705,33099.32262,8.82,BALDY CREEK
879,4500705,54056.48729,3.0,BALDY CREEK
880,4500705,54056.505410000005,1.0,BALDY CREEK
881,4500705,58074.48356,10.0,BALDY CREEK
882,4500725,13072.0,3.42,WEST DIVIDE CREEK
883,4500725,13798.0,8.83,WEST DIVIDE CREEK
884,4500725,20196.16192,12.25,WEST DIVIDE CREEK
885,4500725,20416.18397,16.67,WEST DIVIDE CREEK
886,4500725,30170.22738,18.83,WEST DIVIDE CREEK
887,4500725,52595.51742,1.25,WEST DIVIDE CREEK
888,4500725,52595.52534,1.25,WEST DIVIDE CREEK
889,4500743,12392.0,3.33,COLORADO RIVER
890,4500743,13484.0,8.5,COLORADO RIVER
891,4500743,37725.0,9.0,COLORADO RIVER
892,4500743,53691.53095,0.03,COLORADO RIVER
893,4500743,99999.99999,999.0,COLORADO RIVER
894,4500749,20797.16162,0.87,GARFIELD CREEK
895,4500749,20797.17653,2.0,GARFIELD CREEK
896,4500749,21590.20574,4.0,GARFIELD CREEK
897,4500749,33099.32262,12.63,GARFIELD CREEK
898,4500788,21590.20574,1.9,GARFIELD CREEK
899,4500788,23490.221869999998,3.2,GARFIELD CREEK
900,4500788,99999.99999,999.0,GARFIELD CREEK
901,4500790,13010.0,5.0,EAST DIVIDE CREEK
902,4500790,13249.0,5.25,EAST DIVIDE CREEK
903,4500790,21323.19097,0.08,EAST DIVIDE CREEK
904,4500790,21323.19832,12.73,EAST DIVIDE CREEK
905,4500790,23704.19832,1.2,EAST DIVIDE CREEK
906,4500790,30170.1301,0.42,EAST DIVIDE CREEK
907,4500790,30170.130119999998,0.42,EAST DIVIDE CREEK
908,4500790,30170.22738,24.58,EAST DIVIDE CREEK
909,4500790,58074.51407999999,2.0,EAST DIVIDE CREEK
910,4500790,58439.52534,1.5,EAST DIVIDE CREEK
911,4500793,12993.0,1.5,BEAVER CREEK
912,4500793,13576.0,8.5,BEAVER CREEK
913,4500793,18881.0,1.2,BEAVER CREEK
914,4500793,19047.18881,4.8,BEAVER CREEK
915,4500793,44925.36159,16.6,BEAVER CREEK
916,4500793,99999.99999,999.0,BEAVER CREEK
917,4500810,12921.0,2.0,DIVIDE CREEK
918,4500810,13923.0,2.92,DIVIDE CREEK
919,4500810,30170.12512,0.83,DIVIDE CREEK
920,4500810,30170.22738,4.17,DIVIDE CREEK
921,4500818,13090.0,5.17,WEST DIVIDE CREEK
922,4500818,13816.0,2.92,WEST DIVIDE CREEK
923,4500818,19719.165269999998,2.8,WEST DIVIDE CREEK
924,4500818,99999.99999,999.0,WEST DIVIDE CREEK
925,4500861,22729.13971,14.39,COLORADO RIVER
926,4500861,30895.139710000003,10.4,COLORADO RIVER
927,4500861,43829.36889,12.5,COLORADO RIVER
928,4500861,99999.99999,999.0,COLORADO RIVER
929,4500969,22729.16437,39.11,COLORADO RIVER
930,4500969,30895.16437,25.0,COLORADO RIVER
931,4500969,30895.23496,16.89,COLORADO RIVER
932,4500969,43829.36889,25.0,COLORADO RIVER
933,45_ADC042,12467.0,7.68,
934,45_ADC042,15669.0,15.99,
935,45_ADC042,16653.0,17.54,
936,45_ADC042,21488.0,1.7,
937,45_ADC042,22652.0,8.6,
938,45_ADC042,31484.0,41.51,
939,45_ADC042,39761.0,3.0,
940,45_ADC042,44404.0,12.13,
941,45_ADC043,12792.0,3.5,
942,45_ADC043,17016.0,6.64,
943,45_ADC043,19468.0,21.2,
944,45_ADC043,22256.0,25.17,
945,45_ADC043,23535.0,0.78,
946,45_ADC043,34546.0,30.49,
947,45_ADC043,40481.0,2.5,
948,45_ADC043,45051.0,10.0,
949,45_ADC043,47237.0,3.0,
950,45_ADC043,41219.0,1.0,
951,45_ADC044,12879.0,26.71,
952,45_ADC044,18394.0,12.73,
953,45_ADC044,16123.0,3.33,
954,45_ADC044,42649.0,4.81,
955,45_ADC044,43098.0,9.92,
956,45_ADC044,44740.0,6.05,
957,45_ADC046,13206.0,19.4,
958,45_ADC046,18529.0,4.67,
959,45_ADC046,20058.0,5.0,
960,45_ADC046,18353.0,1.1,
961,45_ADC046,31885.0,2.25,
962,45_ADC046,18808.0,0.07,
963,45_ADC046,51433.0,0.06,
964,45_ADC047,13453.0,23.41,
965,45_ADC047,16222.0,6.62,
966,45_ADC047,17954.0,5.8,
967,45_ADC047,22425.0,3.48,
968,45_ADC047,32815.0,8.0,
969,45_ADC047,24591.0,2.16,
970,45_ADC047,42510.0,2.06,
971,45_ADC047,99999.99999,999.0,
972,45_ADC048,13270.0,46.11,
973,45_ADC048,16506.0,21.25,
974,45_ADC048,20722.0,24.07,
975,45_ADC048,21672.0,12.2,
976,45_ADC048,27604.0,15.61,
977,45_ADC048,29817.0,24.0,
978,45_ADC048,40298.0,2.0,
979,45_ADC048,31774.0,3.5,
980,45_ADC048,46064.0,6.8,
981,5000517,15492.0,2.9,TROUBLESOME CREEK
982,5000517,33435.154910000005,9.0,TROUBLESOME CREEK
983,5000526,12196.0,8.67,TROUBLESOME CREEK
984,5000526,31393.256719999998,10.0,TROUBLESOME CREEK
985,5000539,13300.0,7.33,TROUBLESOME CREEK
986,5000539,20676.19665,12.0,TROUBLESOME CREEK
987,5000539,99999.99999,999.0,TROUBLESOME CREEK
988,5000574,12209.0,6.23,RED DIRT CREEK
989,5000574,12950.0,11.0,RED DIRT CREEK
990,5000574,19844.0,4.0,RED DIRT CREEK
991,5000574,21973.0,2.0,RED DIRT CREEK
992,5000574,31393.2508,8.8,RED DIRT CREEK
993,5000576,40028.0,75.0,EAST FORK TROUBLESOME CREEK
994,5000582,12209.0,4.45,RED DIRT CREEK
995,5000582,13083.0,7.75,RED DIRT CREEK
996,5000582,99999.99999,999.0,RED DIRT CREEK
997,5000585,12904.0,0.5,PASS CREEK
998,5000585,13260.0,0.25,PASS CREEK
999,5000585,18519.0,2.0,PASS CREEK
1000,5000585,18580.0,9.65,PASS CREEK
1001,5000585,19267.0,4.0,PASS CREEK
1002,5000585,19597.0,2.25,PASS CREEK
1003,5000585,19650.0,3.5,PASS CREEK
1004,5000585,22494.1966,1.5,PASS CREEK
1005,5000585,22494.20897,0.5,PASS CREEK
1006,5000585,22494.20968,0.5,PASS CREEK
1007,5000585,22494.2097,0.5,PASS CREEK
1008,5000585,22494.21699,0.5,PASS CREEK
1009,5000585,22494.21701,1.0,PASS CREEK
1010,5000585,27960.239210000003,0.28,PASS CREEK
1011,5000593,15494.0,2.45,TROUBLESOME CREEK
1012,5000593,21853.0,75.0,TROUBLESOME CREEK
1013,5000598,21358.0,3.88,EAST FORK TROUBLESOME CREEK
1014,5000598,33435.24258,3.13,EAST FORK TROUBLESOME CREEK
1015,5000598,33435.333889999994,8.88,EAST FORK TROUBLESOME CREEK
1016,5000601,13330.0,7.0,LITTLE MUDDY CREEK
1017,5000601,14791.0,9.0,LITTLE MUDDY CREEK
1018,5000601,31393.312060000004,15.0,LITTLE MUDDY CREEK
1019,5000606,15494.0,0.75,TROUBLESOME CREEK
1020,5000606,16756.0,10.0,TROUBLESOME CREEK
1021,5000606,19509.0,3.0,TROUBLESOME CREEK
1022,5000606,20382.0,14.0,TROUBLESOME CREEK
1023,5000606,20676.20588,5.0,TROUBLESOME CREEK
1024,5000606,22494.22085,3.0,TROUBLESOME CREEK
1025,5000606,33070.0,62.25,TROUBLESOME CREEK
1026,5000612,32335.119710000003,12.0,COLORADO RIVER
1027,5000613,32335.11677,12.0,COLORADO RIVER
1028,5000617,22494.22423,36.0,RED DIRT CREEK
1029,5000617,49403.0,36.0,RED DIRT CREEK
1030,5000627,12784.0,5.0,PASS CREEK
1031,5000627,31393.25688,5.0,PASS CREEK
1032,5000627,99999.99999,999.0,PASS CREEK
1033,5000628,22494.21754,7.0,TROUBLESOME CREEK
1034,5000628,23190.0,2.5,TROUBLESOME CREEK
1035,5000628,99999.99999,999.0,TROUBLESOME CREEK
1036,5000632,11780.0,7.33,TROUBLESOME CREEK
1037,5000632,33435.18018,3.67,TROUBLESOME CREEK
1038,5000653_D,12174.0,18.64,TROUBLESOME CREEK
1039,5000653_D,21397.0,41.36,TROUBLESOME CREEK
1040,5000654,14509.0,23.5,TROUBLESOME CREEK
1041,5000654,99999.99999,999.0,TROUBLESOME CREEK
1042,5000656,12646.0,3.3,MUDDY CREEK
1043,5000656,31393.256719999998,3.33,MUDDY CREEK
1044,5000656,32335.256719999998,5.0,MUDDY CREEK
1045,5000656,99999.99999,999.0,MUDDY CREEK
1046,5000731,20676.19665,12.0,WASTE CREEK
1047,5000731,99999.99999,999.0,WASTE CREEK
1048,5000734_D,30506.143969999997,15.0,MUDDY CREEK
1049,5000734_D,33025.0,51.75,MUDDY CREEK
1050,5000734_D,99999.99999,999.0,MUDDY CREEK
1051,5000744,47827.0,18.4,MUDDY CREEK
1056,50_ADC012,12810.0,31.83,
1057,50_ADC012,16644.0,11.08,
1058,50_ADC012,19179.0,5.0,
1059,50_ADC012,23963.0,5.75,
1060,50_ADC012,31577.0,2.0,
1061,50_ADC012,18478.0,43.54,
1062,50_ADC012,99999.99999,999.0,
1063,50_ADC013,13728.0,12.9,
1064,50_ADC013,17587.0,4.0,
1065,50_ADC013,16407.0,12.5,
1066,50_ADC013,25020.0,5.3,
1067,50_ADC013,13591.0,9.0,
1068,50_ADC013,32506.0,1.0,
1069,50_ADC013,32310.0,17.2,
1070,50_ADC014,12739.0,10.88,
1071,50_ADC014,16173.0,4.25,
1072,50_ADC014,18785.0,27.75,
1073,50_ADC014,26113.0,1.25,
1074,50_ADC014,26449.0,4.0,
1075,50_ADC014,14580.0,31.75,
1076,50_ADC014,40176.0,1.0,
1077,50_ADC014,51191.0,2.3,
1078,50_ADC015,13247.0,3.0,
1079,50_ADC015,15776.0,7.25,
1080,50_ADC015,21520.0,23.75,
1081,50_ADC015,22739.0,28.6,
1082,50_ADC016,13665.0,1.38,
1083,50_ADC016,17250.0,9.25,
1084,50_ADC016,18869.0,11.75,
1085,50_ADC016,23178.0,2.13,
1086,50_ADC016,26074.0,6.48,
1087,50_ADC016,54377.0,8.25,
1088,50_ADC016,99999.99999,999.0,
1089,50_ADC020,22852.0,7.3,
1090,50_ADC020,19425.0,26.0,
1091,5100529_D,16588.0,30.0,WILLIAMS FORK
1092,5100529_D,19394.0,120.0,WILLIAMS FORK
1093,5100529_D,19967.0,111.0,WILLIAMS FORK
1094,5100546,20676.13665,22.82,WILLOW CREEK
1095,5100546,31257.99998,14.14,WILLOW CREEK
1096,5100546,31257.999989999997,8.04,WILLOW CREEK
1097,5100546,99999.99999,999.0,WILLOW CREEK
1098,5100585,20676.14748,20.88,COLORADO RIVER
1099,5100585,20676.18582,0.21,COLORADO RIVER
1100,5100585,21304.0,9.15,COLORADO RIVER
1101,5100585,99999.99999,999.0,COLORADO RIVER
1102,5100594,14380.0,7.97,CROOKED CREEK
1103,5100594,16930.0,7.22,CROOKED CREEK
1104,5100594,37772.0,10.0,CROOKED CREEK
1105,5100594,58074.55304,0.03,CROOKED CREEK
1106,5100629,20676.132840000002,2.5,COLORADO RIVER
1107,5100629,23454.23288,0.88,COLORADO RIVER
1108,5100629,33433.33149,11.03,COLORADO RIVER
1110,5100660,15127.0,2.0,SAINT LOUIS CREEK
1111,5100660,20676.19875,1.0,SAINT LOUIS CREEK
1112,5100660,38240.0,2.28,SAINT LOUIS CREEK
1113,5100660,45290.37805,0.5,SAINT LOUIS CREEK
1114,5100660,99999.99999,999.0,SAINT LOUIS CREEK
1115,5100686,20676.12296,9.75,FRASER RIVER
1116,5100686,34241.12296,2.0,FRASER RIVER
1117,5100699,12053.0,12.0,FRASER RIVER
1118,5100699,99999.99999,999.0,FRASER RIVER
1119,5100700,12296.0,8.0,SAINT LOUIS CREEK
1120,5100700,20676.12266,3.0,SAINT LOUIS CREEK
1122,5100763,20676.13818,11.0,COLORADO RIVER
1123,5100763,33063.12023,24.0,COLORADO RIVER
1124,5100763,33433.33151,10.0,COLORADO RIVER
1125,5100763,34241.18263,2.0,COLORADO RIVER
1126,5100763,34241.18263,8.0,COLORADO RIVER
1127,5100763,34241.18263,10.0,COLORADO RIVER
1128,5100763,99999.99999,999.0,COLORADO RIVER
1129,5100788,19635.0,14.5,WILLIAMS FORK
1130,5100788,26429.0,11.5,WILLIAMS FORK
1131,5100810,22061.0,25.0,CORRAL CREEK
1132,5100826,12904.0,3.0,FRASER RIVER
1133,5100826,14245.0,3.75,FRASER RIVER
1134,5100826,18627.0,3.25,FRASER RIVER
1135,5100826,34241.29417,6.0,FRASER RIVER
1136,5100829,14056.0,4.0,SAINT LOUIS CREEK
1137,5100829,20676.14056,1.0,SAINT LOUIS CREEK
1138,5100829,99999.99999,999.0,SAINT LOUIS CREEK
1139,5100831,20676.11504,2.0,FRASER RIVER
1140,5100831,20676.12919,6.9,FRASER RIVER
1141,5100831,34241.11504,2.0,FRASER RIVER
1142,5100831,99999.99999,999.0,FRASER RIVER
1143,5100848,18941.0,150.0,COLORADO RIVER
1144,5100858,23454.22456,8.5,CORRAL CREEK
1145,5100858,30870.274530000002,3.5,CORRAL CREEK
1146,5100858,34241.25719,2.0,CORRAL CREEK
1147,5100876,99999.99999,999.0,FRASER RIVER
1148,5100880_D,20676.14015,7.75,COLORADO RIVER
1149,5100880_D,33663.14015,7.0,COLORADO RIVER
1150,5100880_D,37566.3599,10.0,COLORADO RIVER
1151,5100880_D,99999.99999,999.0,COLORADO RIVER
1152,5100883,20676.12784,3.75,COLORADO RIVER
1153,5100883,30870.23496,5.0,COLORADO RIVER
1154,5100883,34638.0,10.0,COLORADO RIVER
1155,5100883,99999.99999,999.0,COLORADO RIVER
1156,5100893,15129.0,10.0,COLORADO RIVER
1157,5100893,20676.1473,5.0,COLORADO RIVER
1158,5100893,21670.0,2.13,COLORADO RIVER
1159,5100893,30870.2097,4.0,COLORADO RIVER
1160,5100893,30870.21336,3.0,COLORADO RIVER
1161,5100893,99999.99999,999.0,COLORADO RIVER
1162,5100924,21125.0,76.8,LITTLE MUDDY CREEK
1163,5100934,12942.0,5.7,TRAIL CREEK
1164,5100934,31350.0,4.0,TRAIL CREEK
1165,5100934,99999.99999,999.0,TRAIL CREEK
1166,5100939,13667.0,3.0,COLORADO RIVER
1167,5100939,36280.0,2.0,COLORADO RIVER
1168,5100939,39095.3628,9.5,COLORADO RIVER
1169,5100939,99999.99999,999.0,COLORADO RIVER
1170,5100941,21814.0,63.5,STRAWBERRY CREEK
1171,5100948,19410.0,20.0,STRAWBERRY CREEK
1174,5101148,34241.18263,13.84,COLORADO RIVER
1175,5101149,34241.18263,13.84,COLORADO RIVER
1191,51_ADC001,14420.0,4.33,
1192,51_ADC001,15754.0,16.17,
1193,51_ADC001,20642.0,20.2,
1194,51_ADC001,34681.0,3.91,
1195,51_ADC001,27659.0,5.6,
1196,51_ADC001,99999.99999,999.0,
1197,51_ADC002,12580.0,16.14,
1198,51_ADC002,19904.0,3.0,
1199,51_ADC002,14458.0,1.5,
1200,51_ADC002,23531.0,6.23,
1201,51_ADC002,26098.0,7.32,
1202,51_ADC002,99999.99999,999.0,
1203,51_ADC003,14001.0,8.0,
1204,51_ADC003,18520.0,10.5,
1205,51_ADC003,21565.0,8.25,
1206,51_ADC003,29371.0,4.75,
1207,51_ADC003,99999.99999,999.0,
1208,51_ADC004,13359.0,19.63,
1209,51_ADC004,17863.0,13.5,
1210,51_ADC004,14292.0,3.0,
1211,51_ADC004,31928.0,1.5,
1212,51_ADC004,41027.0,3.0,
1213,51_ADC004,50403.0,2.0,
1214,51_ADC005,13064.0,48.08,
1215,51_ADC005,18358.0,3.5,
1216,51_ADC005,18790.0,2.5,
1217,51_ADC005,21291.0,4.0,
1218,51_ADC005,29963.0,13.85,
1219,51_ADC005,41027.0,2.0,
1220,51_ADC006,13601.0,3.0,
1221,51_ADC006,13001.0,8.88,
1222,51_ADC006,26746.0,4.0,
1223,51_ADC006,22339.0,21.3,
1224,51_ADC006,36280.0,1.0,
1225,51_ADC006,28877.0,2.0,
1226,51_ADC006,99999.99999,999.0,
1227,51_ADC007,13110.0,4.75,
1228,51_ADC007,19787.0,2.5,
1229,51_ADC007,22916.0,13.75,
1230,51_ADC007,26953.0,19.48,
1231,51_ADC007,41527.0,6.8,
1232,51_ADC007,45076.0,1.0,
1233,51_ADC007,32506.0,1.0,
1234,51_ADC007,99999.99999,999.0,
1235,51_ADC008,12443.0,11.7,
1236,51_ADC008,19425.0,2.0,
1237,51_ADC008,18510.0,14.38,
1238,51_ADC008,44873.0,11.25,
1239,51_ADC008,99999.99999,999.0,
1240,51_ADC009,14380.0,3.25,
1241,51_ADC009,17318.0,2.0,
1242,51_ADC009,17670.0,33.75,
1243,51_ADC009,22124.0,3.38,
1244,51_ADC009,29403.0,8.0,
1245,51_ADC010,12062.0,4.75,
1246,51_ADC010,16192.0,2.5,
1247,51_ADC010,15953.0,22.21,
1248,51_ADC010,22203.0,9.87,
1249,51_ADC011,12929.0,6.25,
1250,51_ADC011,18074.0,15.39,
1251,51_ADC011,24267.0,13.0,
1252,51_ADC011,29927.0,13.5,
1253,51_ADC011,52852.0,7.5,
1254,51_ADC011,99999.99999,999.0,
1255,5200559,13635.0,2.8,SHEEPHORN CREEK
1256,5200559,19790.18414,0.5,SHEEPHORN CREEK
1257,5200559,29437.217010000004,8.51,SHEEPHORN CREEK
1258,5200559,99999.99999,999.0,SHEEPHORN CREEK
1259,5200572,14411.0,1.6,SHEEPHORN CREEK
1260,5200572,19790.14429,2.4,SHEEPHORN CREEK
1261,5200572,24262.242619999997,2.7,SHEEPHORN CREEK
1262,5200572,29437.21002,5.94,SHEEPHORN CREEK
1263,5200658,12407.0,4.0,SHEEPHORN CREEK
1264,5200658,13825.0,1.8,SHEEPHORN CREEK
1265,5200658,29437.282580000003,10.88,SHEEPHORN CREEK
1266,5200658,99999.99999,999.0,SHEEPHORN CREEK
1270,52_ADC021,14047.0,24.0,
1271,52_ADC021,17696.0,18.5,
1272,52_ADC021,17152.0,17.1,
1273,52_ADC021,23551.0,79.1,
1274,52_ADC021,31267.0,3.22,
1275,52_ADC021,27529.0,35.28,
1276,52_ADC021,42694.0,10.35,
1277,52_ADC027,13593.0,4.2,
1278,52_ADC027,14857.0,6.4,
1279,52_ADC027,21275.0,3.0,
1280,52_ADC027,27205.0,39.93,
1281,52_ADC027,34033.0,23.63,
1282,52_ADC027,40393.0,6.0,
1283,52_ADC027,36675.0,4.0,
1284,52_ADC027,49716.0,2.0,
1285,5300555_D,12656.0,2.5,DERBY CREEK
1286,5300555_D,12659.0,24.0,DERBY CREEK
1287,5300555_D,33023.273,5.5,DERBY CREEK
1288,5300555_D,47481.12655,4.0,DERBY CREEK
1289,5300555_D,99999.99999,999.0,DERBY CREEK
1294,5300621,14807.0,3.2,EGERIA CREEK
1295,5300621,35686.0,12.8,EGERIA CREEK
1296,5300632,20660.0,1.9,SWEETWATER CREEK
1297,5300632,26327.2351,2.0,SWEETWATER CREEK
1298,5300632,99999.99999,999.0,SWEETWATER CREEK
1299,5300657,20314.193180000002,25.0,ROCK CREEK
1300,5300678,27925.240260000002,31.76,SOUTH FORK DERBY CREEK
1301,5300767_D,20427.19252,11.3,SWEETWATER CREEK
1302,5300767_D,35205.0,3.0,SWEETWATER CREEK
1303,5300767_D,37753.0,6.0,SWEETWATER CREEK
1304,5300780,22232.21807,3.1,DERBY CREEK
1305,5300780,22705.0,11.93,DERBY CREEK
1306,5300780,37513.0,6.37,DERBY CREEK
1307,5300783,26107.231209999998,2.0,EGERIA CREEK
1308,5300783,99999.99999,999.0,EGERIA CREEK
1309,5300800,15928.0,28.8,DERBY CREEK
1310,5300800,37773.0,3.2,DERBY CREEK
1311,5300883,20427.19199,8.7,RED DIRT CREEK
1312,5300883,33023.26662,3.0,RED DIRT CREEK
1316,5301082,25376.18808,4.8,EGERIA CREEK
1317,53_ADC022,12237.0,4.0,
1318,53_ADC022,17237.0,3.57,
1319,53_ADC022,19143.0,1.6,
1320,53_ADC022,16240.0,4.42,
1321,53_ADC022,20235.0,8.0,
1322,53_ADC023,12876.0,20.3,
1323,53_ADC023,19488.0,1.6,
1324,53_ADC023,22460.0,1.38,
1325,53_ADC023,23525.0,6.55,
1326,53_ADC024,13614.0,14.0,
1327,53_ADC024,1.0,9.87,
1328,53_ADC024,23121.0,1.37,
1329,53_ADC024,16437.0,5.0,
1330,53_ADC024,19722.0,5.25,
1331,53_ADC024,42131.0,4.78,
1332,53_ADC024,45941.0,7.0,
1333,53_ADC024,99999.99999,999.0,
1334,53_ADC025,13699.0,10.6,
1335,53_ADC025,14333.0,4.3,
1336,53_ADC025,23131.0,7.6,
1337,53_ADC025,36705.0,3.0,
1338,53_ADC025,42558.0,4.0,
1339,53_ADC026,13983.0,10.91,
1340,53_ADC026,17631.0,8.8,
1341,53_ADC026,16974.0,7.6,
1342,53_ADC026,25515.0,3.0,
1343,53_ADC026,27519.0,25.7,
1344,53_ADC026,30801.0,6.0,
1345,53_ADC026,28762.0,2.0,
1346,53_ADC026,42976.0,3.8,
1347,53_ADC028,13487.0,54.76,
1348,53_ADC028,32904.0,34.1,
1349,53_ADC028,43934.0,2.5,
1350,53_ADC028,48293.0,4.4,
1351,53_ADC028,99999.99999,999.0,
1352,53_ADC032,14076.0,19.64,
1353,53_ADC032,16780.0,23.63,
1354,53_ADC032,20111.0,9.96,
1355,53_ADC032,24998.0,28.7,
1356,53_ADC032,31532.0,1.16,
1357,53_ADC032,30835.0,55.02,
1358,53_ADC032,41238.0,8.0,
1359,53_ADC032,42885.0,3.0,
1360,53_ADC032,44575.0,3.65,
1361,53_ADC032,99999.99999,999.0,
1363,7000521,13248.0,7.3,CLEAR CREEK
1364,7000521,13308.0,0.8,CLEAR CREEK
1365,7000521,13437.0,1.6,CLEAR CREEK
1366,7000521,13581.0,1.8,CLEAR CREEK
1367,7000521,14001.0,0.8,CLEAR CREEK
1368,7000521,27132.270589999996,38.13,CLEAR CREEK
1369,7000530,12738.0,4.0,ROAN CREEK
1370,7000530,13280.0,5.0,ROAN CREEK
1371,7000530,13959.0,2.8,ROAN CREEK
1372,7000530,27132.270589999996,21.2,ROAN CREEK
1373,7000550,14911.0,9.7,ROAN CREEK
1374,7000550,16162.0,0.6,ROAN CREEK
1375,7000550,24792.221019999997,2.0,ROAN CREEK
1376,7000550,99999.99999,999.0,ROAN CREEK
1378,7000571,22965.21341,6.1,ROAN CREEK
1379,7000571,27132.270589999996,5.46,ROAN CREEK
1380,7000580,12477.0,6.0,ROAN CREEK
1381,7000580,12712.0,1.0,ROAN CREEK
1382,7000580,13223.0,3.3,ROAN CREEK
1383,7000580,13535.0,15.0,ROAN CREEK
1384,7000580,27132.270589999996,6.1,ROAN CREEK
1385,7000580,43829.41943,6.0,ROAN CREEK
1386,7000583_D,12672.0,7.0,ROAN CREEK
1387,7000583_D,12712.0,1.0,ROAN CREEK
1388,7000583_D,13468.0,3.5,ROAN CREEK
1389,7000583_D,27132.270589999996,2.9,ROAN CREEK
1390,7000583_D,54056.4252,1.45,ROAN CREEK
1391,7000584,12705.0,2.6,ROAN CREEK
1392,7000584,13195.0,4.0,ROAN CREEK
1393,7000584,18313.13772,0.8,ROAN CREEK
1394,7000584,99999.99999,999.0,ROAN CREEK
1395,7000596,12641.0,2.25,CARR CREEK
1396,7000596,13102.0,0.9,CARR CREEK
1397,7000596,13634.0,1.13,CARR CREEK
1398,7000596,27132.270589999996,9.98,CARR CREEK
1401,70_ADC049,13282.0,25.2,
1402,70_ADC049,17145.0,3.0,
1403,70_ADC049,25855.0,80.01,
1404,70_ADC049,27545.0,1.5,
1405,70_ADC050,13429.0,24.4,
1406,70_ADC050,21819.0,0.5,
1407,70_ADC050,23066.0,28.44,
1408,7200512_D,36706.0,10.0,COLORADO RIVER
1409,7200512_D,55517.51768,10.0,COLORADO RIVER
1410,7200514,14058.0,8.05,MESA CREEK
1411,7200533,14122.0,13.16,BIG CREEK
1412,7200533,14221.0,1.35,BIG CREEK
1413,7200533,30895.141219999998,2.6,BIG CREEK
1414,7200533,30895.24272,2.21,BIG CREEK
1415,7200533,32811.0,7.43,BIG CREEK
1416,7200533,99999.99999,999.0,BIG CREEK
1418,7200557,30895.242619999997,4.08,BULL CREEK
1419,7200557,30895.27168,1.04,BULL CREEK
1420,7200557,31849.0,5.85,BULL CREEK
1421,7200557,32811.0,1.82,BULL CREEK
1422,7200558,12053.0,6.66,BULL CREEK
1423,7200558,22729.183530000002,2.0,BULL CREEK
1424,7200558,22995.15582,1.89,BULL CREEK
1425,7200558,30895.13584,2.0,BULL CREEK
1426,7200558,30895.23498,0.36,BULL CREEK
1427,7200558,32811.0,3.13,BULL CREEK
1428,7200558,54056.488820000006,0.5,BULL CREEK
1429,7200574,14123.0,6.82,BIG CREEK
1430,7200574,14149.0,2.13,BIG CREEK
1431,7200574,14149.0,0.36,BIG CREEK
1432,7200574,30895.14123,1.1,BIG CREEK
1433,7200574,34419.32821,4.17,BIG CREEK
1434,7200580,13129.0,0.25,KIMBALL CREEK
1435,7200580,13162.0,1.96,KIMBALL CREEK
1436,7200580,14122.0,3.49,KIMBALL CREEK
1437,7200580,28269.21385,0.17,KIMBALL CREEK
1438,7200580,30895.134960000003,1.5,KIMBALL CREEK
1439,7200580,30895.242110000003,1.5,KIMBALL CREEK
1440,7200580,32811.0,3.21,KIMBALL CREEK
1441,7200580,99999.99999,999.0,KIMBALL CREEK
1443,7200607,22995.16833,4.05,BIG CREEK
1444,7200607,30895.24227,1.04,BIG CREEK
1445,7200607,30895.246369999997,0.9,BIG CREEK
1446,7200607,32811.0,2.21,BIG CREEK
1447,7200616,22995.20605,4.09,PLATEAU CREEK
1448,7200616,22995.22197,4.95,PLATEAU CREEK
1449,7200616,30895.23583,0.45,PLATEAU CREEK
1450,7200616,30895.246010000003,0.81,PLATEAU CREEK
1451,7200616,30895.24957,1.04,PLATEAU CREEK
1452,7200616,32811.0,4.52,PLATEAU CREEK
1453,7200616,36746.0,20.5,PLATEAU CREEK
1454,7200628,18749.14411,1.8,PLATEAU CREEK
1455,7200628,22995.201569999997,3.6,PLATEAU CREEK
1456,7200628,30895.14411,2.5,PLATEAU CREEK
1457,7200628,30895.236360000003,3.69,PLATEAU CREEK
1458,7200628,32811.0,4.04,PLATEAU CREEK
1459,7200643,22995.14731,3.69,BIG CREEK
1460,7200643,22995.17384,2.16,BIG CREEK
1461,7200643,30895.14745,0.91,BIG CREEK
1462,7200643,30895.238610000004,1.17,BIG CREEK
1463,7200643,32811.0,3.14,BIG CREEK
1464,7200643,34803.0,1.2,BIG CREEK
1466,7200645,22729.11922,520.81,COLORADO RIVER
1467,7200645,30895.11922,300.0,COLORADO RIVER
1468,7200645,30895.234910000003,119.47,COLORADO RIVER
1469,7200645,99999.99999,999.0,COLORADO RIVER
1479,7200646_I,22729.14519,80.0,COLORADO RIVER
1480,7200649,13030.0,2.13,GROVE CREEK
1481,7200649,14149.0,5.4,GROVE CREEK
1482,7200649,14149.0,0.36,GROVE CREEK
1483,7200649,30895.16718,1.0,GROVE CREEK
1484,7200649,30895.23515,2.6,GROVE CREEK
1485,7200649,30895.24246,2.6,GROVE CREEK
1486,7200649,34419.27528,3.41,GROVE CREEK
1487,7200652,18749.14392,1.55,BUZZARD CREEK
1488,7200652,22995.14392,3.49,BUZZARD CREEK
1489,7200652,22995.17653,2.16,BUZZARD CREEK
1490,7200652,30895.264489999998,0.52,BUZZARD CREEK
1491,7200652,34419.25688,4.36,BUZZARD CREEK
1492,7200703,18749.14154,11.07,PLATEAU CREEK
1493,7200703,18749.151169999997,0.72,PLATEAU CREEK
1494,7200703,18749.17653,0.27,PLATEAU CREEK
1495,7200703,30895.141539999997,6.0,PLATEAU CREEK
1496,7200703,30895.25322,2.1,PLATEAU CREEK
1497,7200703,32811.0,8.04,PLATEAU CREEK
1498,7200721,14149.0,4.21,BIG CREEK
1499,7200721,14149.0,0.72,BIG CREEK
1500,7200721,30895.14648,0.53,BIG CREEK
1501,7200721,30895.24288,1.44,BIG CREEK
1502,7200721,32811.0,2.85,BIG CREEK
1503,7200729,22729.16376,0.24,BIG CREEK
1504,7200729,22995.143969999997,2.16,BIG CREEK
1505,7200729,22995.165559999998,2.16,BIG CREEK
1506,7200729,30895.144160000003,0.5,BIG CREEK
1507,7200729,30895.24227,1.39,BIG CREEK
1508,7200729,32811.0,3.13,BIG CREEK
1509,7200730_D,18749.18486,2.88,LEON CREEK
1510,7200730_D,30895.236080000002,1.56,LEON CREEK
1511,7200730_D,30895.254680000002,10.4,LEON CREEK
1512,7200730_D,37037.0,18.0,LEON CREEK
1513,7200731,14128.0,4.41,MESA CREEK
1514,7200731,14138.0,2.25,MESA CREEK
1515,7200731,18749.16588,2.02,MESA CREEK
1516,7200731,30895.24255,1.04,MESA CREEK
1517,7200731,30895.242560000002,3.77,MESA CREEK
1518,7200731,30895.242619999997,0.52,MESA CREEK
1519,7200731,32811.0,5.28,MESA CREEK
1520,7200744,18749.14773,6.21,LEON CREEK
1521,7200744,22995.19509,7.2,LEON CREEK
1522,7200744,32811.0,3.33,LEON CREEK
1528,7200764_I,48942.48333,8.0,RAPID CREEK
1529,7200764_I,48942.48333,8.0,RAPID CREEK
1534,7200766_I,12753.0,4.03,MESA CREEK
1535,7200766_I,30895.127239999998,1.95,MESA CREEK
1536,7200766_I,30895.2426,0.74,MESA CREEK
1537,7200766_I,32811.0,2.12,MESA CREEK
1538,7200784,13780.0,16.62,MESA CREEK
1539,7200784,30895.12336,6.5,MESA CREEK
1540,7200784,32811.0,0.84,MESA CREEK
1541,7200799,13891.0,18.72,COTTONWOOD CREEK
1542,7200799,14130.0,2.49,COTTONWOOD CREEK
1543,7200799,22995.14154,1.44,COTTONWOOD CREEK
1544,7200799,22995.1598,0.81,COTTONWOOD CREEK
1545,7200799,30895.13098,5.0,COTTONWOOD CREEK
1546,7200799,30895.24623,3.6,COTTONWOOD CREEK
1547,7200799,50038.49281,1.41,COTTONWOOD CREEK
1548,7200799,58804.58731,0.5,COTTONWOOD CREEK
1550,7200813,22729.21116,0.0,COLORADO RIVER
1558,7200818,13755.0,11.23,BIG CREEK
1559,7200818,30895.123110000004,3.0,BIG CREEK
1560,7200818,34419.12311,6.0,BIG CREEK
1563,7200821,22995.16192,2.11,COTTONWOOD CREEK
1564,7200821,22995.17015,3.13,COTTONWOOD CREEK
1565,7200821,30895.162060000002,0.78,COTTONWOOD CREEK
1566,7200821,30895.27727,0.65,COTTONWOOD CREEK
1567,7200823,14140.0,1.98,COTTONWOOD CREEK
1568,7200823,22995.18407,3.1,COTTONWOOD CREEK
1569,7200823,22995.20969,1.48,COTTONWOOD CREEK
1570,7200823,30895.20953,1.5,COTTONWOOD CREEK
1571,7200823,30895.2791,2.7,COTTONWOOD CREEK
1572,7200823,32811.0,1.2,COTTONWOOD CREEK
1573,7200831,13788.0,5.58,BULL CREEK
1574,7200831,14149.0,1.27,BULL CREEK
1575,7200831,14149.0,0.36,BULL CREEK
1576,7200831,22995.14975,0.72,BULL CREEK
1577,7200831,22995.160030000003,1.8,BULL CREEK
1578,7200831,30895.160069999998,1.3,BULL CREEK
1579,7200831,30895.23877,0.9,BULL CREEK
1580,7200831,30895.25355,0.81,BULL CREEK
1581,7200831,32811.0,2.08,BULL CREEK
1582,7200852_D,22729.16376,7.57,BIG CREEK
1583,7200852_D,22995.22279,1.44,BIG CREEK
1584,7200852_D,30895.221210000003,0.65,BIG CREEK
1585,7200852_D,30895.235819999998,1.3,BIG CREEK
1586,7200852_D,30895.27927,4.68,BIG CREEK
1587,7200852_D,34419.27514,3.54,BIG CREEK
1588,7200870,14102.0,15.7,BIG CREEK
1589,7200870,14102.0,1.78,BIG CREEK
1590,7200870,22995.15127,2.65,BIG CREEK
1591,7200870,30895.14102,3.5,BIG CREEK
1592,7200870,32811.0,9.02,BIG CREEK
1594,7200911,13771.0,3.85,BIG CREEK
1595,7200911,30895.242639999997,1.85,BIG CREEK
1596,7200911,32811.0,2.55,BIG CREEK
1597,7200911,99999.99999,999.0,BIG CREEK
1600,7200933,13780.0,9.65,MESA CREEK
1601,7200933,30895.14892,3.91,MESA CREEK
1602,7200938,14102.0,13.38,BIG CREEK
1603,7200938,14102.0,2.95,BIG CREEK
1604,7200938,30895.130930000003,3.0,BIG CREEK
1605,7200938,30895.246619999998,1.03,BIG CREEK
1606,7200938,32811.0,7.76,BIG CREEK
1607,7201233,40013.38954,18.54,BUZZARD CREEK
1616,7201574,51134.41195,1.0,COON CREEK
1623,72_ADC051,14374.0,4.95,
1624,72_ADC051,20605.0,2.73,
1625,72_ADC051,28805.0,2.54,
1626,72_ADC051,31571.0,2.0,
1627,72_ADC051,33370.0,12.57,
1628,72_ADC051,34752.0,3.0,
1629,72_ADC051,50556.0,10.0,
1630,72_ADC052,14150.0,1.46,
1631,72_ADC052,15055.0,13.24,
1632,72_ADC052,22340.0,2.72,
1633,72_ADC052,23609.0,4.15,
1634,72_ADC052,32811.0,7.76,
1635,72_ADC053,14061.0,5.81,
1636,72_ADC053,15845.0,6.06,
1637,72_ADC053,13336.0,2.5,
1638,72_ADC053,25214.0,12.0,
1639,72_ADC053,32210.0,12.55,
1640,72_ADC053,33581.0,0.66,
1641,72_ADC053,51790.0,1.5,
1642,72_ADC054,19325.0,9.18,
1643,72_ADC054,25575.0,14.61,
1644,72_ADC054,33317.0,14.02,
1645,72_ADC054,35292.0,3.63,
1646,72_ADC054,45724.0,4.0,
1647,72_ADC055,14006.0,8.58,
1648,72_ADC055,16867.0,5.4,
1649,72_ADC055,19204.0,14.24,
1650,72_ADC055,25261.0,12.91,
1651,72_ADC055,31304.0,18.1,
1652,72_ADC055,42564.0,1.5,
1653,72_ADC055,29340.0,3.0,
1654,72_ADC056,13543.0,4.22,
1655,72_ADC056,14154.0,1.72,
1656,72_ADC056,13466.0,2.4,
1657,72_ADC056,24678.0,11.02,
1658,72_ADC056,27304.0,8.69,
1659,72_ADC056,33358.0,0.5,
1660,72_ADC057,13449.0,4.88,
1661,72_ADC057,18093.0,9.91,
1662,72_ADC057,24595.0,6.05,
1663,72_ADC057,32811.0,0.97,
1664,72_ADC057,21550.0,0.03,
1665,72_ADC058,12834.0,5.13,
1666,72_ADC058,14121.0,1.63,
1667,72_ADC058,17623.0,0.7,
1668,72_ADC058,20752.0,3.06,
1669,72_ADC058,24211.0,1.02,
1670,72_ADC058,32811.0,1.25,
1671,72_ADC058,17288.0,1.15,
1672,72_ADC058,50503.0,2.0,
1673,72_ADC059,14544.0,1.44,
1674,72_ADC059,15912.0,3.45,
1675,72_ADC059,15899.0,10.22,
1676,72_ADC059,24376.0,10.05,
1677,72_ADC059,31509.0,7.97,
1678,72_ADC059,30808.0,5.46,
1679,72_ADC059,28128.0,4.91,
1680,72_ADC059,29371.0,1.0,
1681,72_ADC060,13989.0,14.96,
1682,72_ADC060,14793.0,11.27,
1683,72_ADC060,23592.0,0.26,
1684,72_ADC060,28020.0,4.61,
1685,72_ADC061,13976.0,1.07,
1686,72_ADC061,15187.0,2.25,
1687,72_ADC061,17076.0,0.65,
1688,72_ADC061,26347.0,15.22,
1689,72_ADC061,32811.0,3.44,
1690,72_ADC061,31516.0,0.55,
1691,72_ADC061,46265.0,2.0,
1692,72_ADC061,40177.0,1.0,
1693,72_ADC062,17529.0,5.47,
1694,72_ADC062,20827.0,3.11,
1695,72_ADC062,24368.0,13.91,
1696,72_ADC062,33149.0,4.93,
1697,72_ADC062,35063.0,0.29,
1698,72_ADC062,34894.0,1.0,
1699,72_ADC063,14058.0,2.65,
1700,72_ADC063,15521.0,5.58,
1701,72_ADC063,17377.0,5.92,
1702,72_ADC063,29496.0,0.72,
1703,72_ADC063,24434.0,7.24,
1704,72_ADC063,42718.0,2.63,
1705,72_ADC064,14775.0,1.91,
1706,72_ADC064,17231.0,0.94,
1707,72_ADC064,23624.0,4.16,
1708,72_ADC064,19722.0,0.58,
1709,72_ADC064,47686.0,0.18,
1710,72_ADC064,36269.0,2.69,
1711,72_ADC065,12808.0,6.37,
1712,72_ADC065,17333.0,4.2,
1713,72_ADC065,22035.0,9.99,
1714,72_ADC065,23259.0,13.85,
1715,72_ADC065,33451.0,17.03,
1716,72_ADC065,40598.0,2.5,
1717,72_ADC065,45802.0,4.0,
1718,72_ADC065,33237.0,0.5,
1719,72_ADC065,46366.0,11.35,
